annotation_id,target_kind,target_id,category,valid_from,valid_to,description,related_refs,media,is_resolved
ann-snv-anga-b217-register-corruption,meter,B217.Å1_VMM71,data_quality,2025-07-15,2025-10-10,"Upstream BMS (/SESOWABMSPD04) polled the wrong register for ~87 days. Raw hourly samples alternate between the real counter (~7k MWh band), a near-zero artifact (< 100), and a stuck-high value (~805k). Currently handled by 4-segment split (:d.A | :d.B | :d.C | :d.D) that flat-carries across the gaps, losing ~484 MWh of real consumption across the window. A bracket + interpolate upgrade was attempted and reverted; see reference/docs/snv_anga_followups.md.",B217.Å1_VMM71:d.A|B217.Å1_VMM71:d.B|B217.Å1_VMM71:d.C|B217.Å1_VMM71:d.D|B217.Å1_VMM71:d,ANGA,False
ann-snv-anga-b216-offline,meter,B216.Å1_VMM71,outage,2026-02-19,9999-01-01,"Counter froze 2026-02-19 at value 12121.072. Ontology stitches raw segment (:d.raw, valid_to 2026-02-19) with a children-sum patch (:d.patch, sum of B217.Å1_VMM71:d.D) via rolling_sum.",B216.Å1_VMM71:d.raw|B216.Å1_VMM71:d.patch|B216.Å1_VMM71:d,ANGA,
ann-snv-anga-b216-patch,timeseries,B216.Å1_VMM71:d.patch,patch,2026-02-19,9999-01-01,Children-sum patch: recovers B216 consumption from its sole child B217.Å1_VMM71 after B216's counter froze. Assumes B217 captures all B216 downstream flow; the ~28 MWh Feb-2026 vs-Excel delta is the pre-freeze (Feb 1 → Feb 18) portion that Excel's STRUX register-diff absorbed as zero.,B217.Å1_VMM71:d.D,ANGA,
ann-snv-anga-b308-frozen,meter,B308.Å1_VMM71,outage,2025-01-01,9999-01-01,Counter frozen at 12737.1533 for the entire observed window; last real reading predates the 2025-01-01 ingest start. Patched from child B327.Å1_VMM71 via sum from 2026-02-07 onward.,B308.Å1_VMM71:d.raw|B308.Å1_VMM71:d.patch|B308.Å1_VMM71:d,ANGA,
ann-snv-anga-b308-patch,timeseries,B308.Å1_VMM71:d.patch,patch,2026-02-07,9999-01-01,Children-sum patch: B327.Å1_VMM71 (sole child) stands in for B308's frozen counter. Produces meter_net ≈ 0 (as children equal parent). Feb-2026 Excel shows −30.78 vs ontology −8.98 MWh; the ~22 MWh gap is pre-patch Feb-1 → Feb-7 that the ontology does not reconstruct.,B327.Å1_VMM71:d,ANGA,
ann-snv-anga-b307-vmm71-frozen,meter,B307.Å1_VMM71,data_quality,2025-01-01,2025-11-01,"B307.Å1_VMM71 trunk counter frozen at 2227.06 MWh from 2025-01-01 through October 2025 (only +0.57 MWh drift over 10 months — effectively dead). Counter unfreezes and reads normally from 2025-11-01 onward. B307 is a pool meter whose children (B216, B302, B304, B311, B334, B337, B339) report real consumption during the freeze, so meter_net shows strong negative values Jan–Oct 2025 (~ −1500 to −2600 MWh/month, cumulative −22 GWh). Not patched: pre-November trunk consumption is unknown, and both zero-patching and backward interpolation would introduce artifacts. The split at 2025-07-31 straddles a non-event (register was already frozen pre-swap and stayed flat post-swap), kept in place since rolling_sum stitching is harmless on flat values.",B307.Å1_VMM71:d.A|B307.Å1_VMM71:d.B|B307.Å1_VMM71:d,ANGA,True
ann-snv-anga-b307-vmm71-phase-shift,meter,B307.Å1_VMM71,unknown,2025-11-01,2026-04-01,"Post-unfreeze ontology totals lag Excel by ~3 months. Ontology ticks Nov=7.5, Dec=9.7, Jan=2.0, Feb=9.3 GWh. Excel shows zero until Feb 2026, then Feb=7.8, Mar=10.9, Apr=0.26 GWh — same cumulative ~27 GWh but shifted ~3 months later. Source of the offset unknown: delayed Excel invoicing, wrong Snowflake timestamps, or a genuine mid-window meter commissioning that accounting dated differently from BMS. Needs site verification before any corrective action.",B307.Å1_VMM71:d,ANGA,False
ann-snv-anga-b307-vmm72-swap,meter,B307.Å1_VMM72,swap,2025-07-31,2025-07-31,Device register swap on 2025-07-31. Handled by 2-segment split :d.A | :d.B stitched via rolling_sum.,B307.Å1_VMM72:d.A|B307.Å1_VMM72:d.B|B307.Å1_VMM72:d,ANGA,
ann-snv-anga-b315-swap,meter,B315.Å1_VMM71,swap,2026-01-13,2026-01-13,Device swap on 2026-01-13 (last value 3019.23). Handled by 2-segment split :d.A | :d.B stitched via rolling_sum.,B315.Å1_VMM71:d.A|B315.Å1_VMM71:d.B|B315.Å1_VMM71:d,ANGA,
ann-snv-anga-b390-offline,meter,B390.Å1_VMM70,outage,2025-07-31,9999-01-01,Counter went offline 2025-07-31 at 328545. Downstream of B325 Panna2; no children to patch from — consumption beyond this date is unrecoverable from B390 alone. Leaf meter relative to its intended topology branch.,B390.Å1_VMM70:d,ANGA,
ann-snv-anga-b313-offline,meter,B313.Å1_VMM71,outage,2025-07-25,9999-01-01,Counter went offline 2025-07-25 at 133.0. Leaf meter; no children available for a sum-patch.,B313.Å1_VMM71:d,ANGA,
ann-snv-anga-b385-offline,meter,B385.Å1_VMM71,outage,2025-11-26,9999-01-01,Counter went offline 2025-11-26 at near-zero value (0.00213...). Leaf meter; no children available for a sum-patch.,B385.Å1_VMM71:d,ANGA,
ann-snv-anga-b307-excel-double-subtract,meter,B307.Å1_VMM71,unknown,1900-01-01,9999-01-01,"Excel row 23 (B307 pool formula) subtracts B330.Å1_VMM71, and row 46 (B337) subtracts the same meter — B330 is double-counted in the Excel totals. Ontology attaches B330 to B337 per decisions.md 2026-04-20; B307 therefore over-counts in topology by Δ(B330) each month (~0.9 MWh Jan-2026, ~27 MWh Feb-2026). Excel is immutable; this discrepancy is expected and permanent.",B307.Å1_VMM71:d|B330.Å1_VMM71:d|B337.Å1_VMM71:d,ANGA,
ann-snv-anga-b311-direction-conflict,meter,B311.Å1_VMM70,unknown,1900-01-01,9999-01-01,Direction conflict between flow_schema and naming extractor for the B311.Å1_VMM70 ↔ B311.Å1_VMM71 edge. Not yet resolved in decisions.md. Does not affect Jan/Feb 2026 totals because both meters are leaf-level relative to their building's accounting.,,ANGA,False
ann-snv-anga-b217-patch-clip,timeseries,B217.Å1_VMM71:d.clip,patch,2025-07-15,2025-10-10,"Bracket patch: parameter-free monotone value-range clip over :d.raw's readings. Endpoints (v_lo, v_hi) derive from the source's readings immediately outside the validity window — the last clean pre-corruption value and the first clean post-corruption value. Any reading whose value falls outside [v_lo, v_hi] is physically impossible for a monotone counter and is dropped.",B217.Å1_VMM71:d.raw,ANGA,True
ann-snv-anga-b317-vmm72-offline-winter,meter,B317.Å1_VMM72,outage,2025-09-21,2026-01-13,"Counter offline 2025-09-21 through 2026-01-13 (~116 days), full catchup flush on 2026-01-14 (+135.62 kWh). Total preserved: 135.75 kWh ÷ 116 days = 1.17 kWh/day, matching neighbor rates (~1.2/day). Patched via interpolate between clean endpoints 2025-09-20 (483.323) and 2026-01-14 (619.070).",B317.Å1_VMM72:d.patch,ANGA,True
ann-snv-anga-b317-vmm72-partial-loss-jul,meter,B317.Å1_VMM72,data_quality,2025-07-14,2025-07-25,"Partial data loss: counter flat 2025-07-14 through 2025-07-23 (~10 days), resumed with only +2.7 kWh caught up across Jul 24-25. Pre/post neighbor rate ~1.85/day suggests ~22 kWh expected; ~19 kWh was lost (counter stopped counting, not just reporting). Not patched via interpolate — that would under-distribute. Magnitude is small (~0.05% of annual) so accepted as-is.",,ANGA,True
ann-snv-anga-b217-glitch-aug,meter,B217.Å1_VMM71,data_quality,2025-08-01,2025-08-07,"Three-event cluster inside the corruption window: glitch 2025-08-01 to 2025-08-03, offline 2025-08-06, register swap 2025-08-07 at value 803864.576. Segment split produced :d.A | :d.B | :d.C.",B217.Å1_VMM71:d.A|B217.Å1_VMM71:d.B|B217.Å1_VMM71:d.C,ANGA,
ann-snv-anga-b217-glitch-sep,meter,B217.Å1_VMM71,data_quality,2025-09-25,2025-09-28,End-of-corruption glitch boundary where the :d.C → :d.D segment split was applied (last stuck-high value observed: 805175.296). Counter resumes cleanly on 2025-09-28.,B217.Å1_VMM71:d.C|B217.Å1_VMM71:d.D,ANGA,
ann-snv-anga-b307-vmm71-swap,meter,B307.Å1_VMM71,swap,2025-07-31,2025-07-31,Device register swap on 2025-07-31 (last value 2227.0615). Handled by 2-segment split :d.A | :d.B stitched via rolling_sum.,B307.Å1_VMM71:d.A|B307.Å1_VMM71:d.B|B307.Å1_VMM71:d,ANGA,
ann-snv-anga-b315-shared-with-b357,meter,B315.Å1_VMM71,unknown,1900-01-01,9999-01-01,"B315's meter also covers B357's steam consumption. Per the reference formula doc (""Mäts tillsammans med B357""), B357 has no standalone ÅNGA meter; its usage is bundled into B315's reading. Affects per-building attribution if B357 is queried alone — the value reported for B315 includes B357.",B315.Å1_VMM71:d,ANGA,
ann-snv-anga-b312-metered-with-b385,building,B312,unknown,1900-01-01,9999-01-01,"ÅNGA supply to B312 is shut off; any residual consumption is metered together with B385 per the reference formula doc (""Ånga är avstängd till byggnad så mäts tillsammans med B385""). B312 has no standalone ÅNGA meter, so per-building attribution will blend B312 into B385.",B385.Å1_VMM71:d,ANGA,
ann-snv-anga-b330-b331-combined,building,B330,unknown,1900-01-01,9999-01-01,"B330 accounting in PME covers both B330 and B331 as one combined unit per the reference formula doc (""B330/331 är det som gäller i PME""). B331 has no standalone ÅNGA formula; its consumption is embedded in B330's three-meter sum (VMM71 + VMM72 + VMM73).",B330.Å1_VMM71:d|B330.Å1_VMM72:d|B330.Å1_VMM73:d,ANGA,
ann-snv-anga-b307-two-feed-shortest-path,meter,B307.Å1_VMM71,unknown,1900-01-01,9999-01-01,"B307 is fed from two directions. Per the reference formula doc (""Matning från 2 håll, utgår att media tar kortaste vägen"") accounting assumes steam takes the shortest path to each downstream consumer. The 10-term building formula subtracts B216, B339, B302.VMM73, B311, B334, B304, B330, B337 from (B307.VMM71 + B307.VMM72). Relevant when interpreting pool residuals on B307.",B307.Å1_VMM71:d|B307.Å1_VMM72:d,ANGA,
ann-snv-anga-b308-formula-under-review,building,B308,unknown,1900-01-01,9999-01-01,"B308 is fed from two directions; the current building formula (B308.VMM71 − B327.VMM71) is under review by site engineer Anton per the reference formula doc (""Anton kollar upp formeln""). Two meters at B308 are scheduled for replacement at Sommarstopp 2025 — expect formula revision after the swap.",B308.Å1_VMM71:d|B327.Å1_VMM71:d,ANGA,False
ann-snv-anga-b339-carbon-filter-only,building,B339,unknown,1900-01-01,9999-01-01,"Only the carbon filter at B339 currently consumes ÅNGA per the reference formula doc (""Endast kolfiltret som använder ånga""). Post-Sommarstopp 2025 B339 will additionally feed the 200-series buildings (B201–B209, currently all ""avstängd"" / N/A), enabling future line-loss calculations for the 339 → 200-houses spur.",B339.Å1_VMM70:d,ANGA,False
ann-snv-anga-b325-producer-post-rebuild,building,B325,unknown,1900-01-01,9999-01-01,"B325 is being rebuilt and will be producer-only post-rebuild (no ÅNGA consumption). Current formula B325 = Panna2 + Panna3 − B390 is flagged ""Osäkert värde"" (uncertain value) in the reference formula doc. Post- Sommarstopp 2025 the trunk-export accounting will change: B325 will take over metering of the full B390 trunk. Revise building formula after the rebuild lands.",B325.Panna2_MWH:d|B325.Panna3_MWH:d|B390.Å1_VMM70:d,ANGA,False
ann-snv-anga-b325-panna-device-types,meter,B325.Panna2_MWH,unknown,1900-01-01,9999-01-01,"Per the reference formula doc's Mätarlista: B325.Panna2_MWH is the electric boiler (Elpanna). B325.Panna3_MWH is the oil boiler burning HVO biodiesel (Oljepanna HVO-olja). Both are producers feeding the B390 trunk, not consumers.",B325.Panna2_MWH:d|B325.Panna3_MWH:d,ANGA,
ann-snv-anga-sommarstopp-2025,campus,SNV,swap,2025-06-01,2025-08-31,"Reference formula doc lists planned ÅNGA meter changes for the Sommarstopp 2025 window: (1) B325 to take over full B390 trunk metering; (2) two B308 meters to be replaced (formula under Anton's review); (3) B339 to redirect and feed the 200-series buildings (enabling 339→200-houses loss calculations); (4) B302: one meter to be reset to zero; (5) B616 (GTN) swap — already executed 2025-11-05, see GTN B616_swap. Several SNV building formulas may need revision post-Sommarstopp.",B325.Panna2_MWH:d|B325.Panna3_MWH:d|B390.Å1_VMM70:d|B308.Å1_VMM71:d|B339.Å1_VMM70:d|B302.Å1_VMM71:d,ANGA,False
ann-snv-anga-vm7x-transitional-naming,campus,SNV,data_quality,1900-01-01,9999-01-01,"Several ÅNGA meters use transitional ""VM7x"" names in Snowflake (instead of the stable ""VMM7x"") per the reference formula doc (""heter VM71 än så länge. Kommer döpas om på sikt till VMM71""). Affected SNV meters: B216.Å1_VM71, B217.Å1_VM71, B313.Å1_VM71. Ontology meter_ids already use the canonical VMM71 form; the Snowflake crosswalk currently maps VMM71 → VM71 for these. When the upstream rename lands, the crosswalk must prefer the new VMM7x variant (consistent with the ""_E"" variant preference rule).",B216.Å1_VMM71:d|B217.Å1_VMM71:d|B313.Å1_VMM71:d,ANGA,False
ann-snv-anga-b310-b317-sibling-patch-effect,building,B310,data_quality,1900-01-01,9999-01-01,Sibling effect of B317.Å1_VMM72 patch: the catch-up redistribution in B317 moves consumption out of Jan 2026 and into the offline window; B310 ANGA roll-up absorbs that redistribution as a small negative residual vs Excel. Accepted side-effect of the interpolate patch chosen for B317.,,ANGA,True
ann-snv-anga-b325-panna3-frozen,meter,B325.Panna3_MWH,outage,2025-07-12,9999-01-01,"Oil boiler (Oljepanna HVO) counter flat from 2025-07-12 onward, but Excel cache shows 3419 MWh Jan / 3391 MWh Feb 2026 on building B325. Implies either the boiler is idle (Excel value is stale / manually entered) or the counter is dead while the boiler still runs. Needs site verification before the Jan/Feb comparison for B325 can be trusted.",,ANGA,False
ann-snv-anga-b216-vmm72-idle,meter,B216.Å1_VMM72,data_quality,1900-01-01,9999-01-01,Auxiliary sub-meter for B216 stays flat at zero across the full reference period (2025-01 → 2026-02). B216's actual steam consumption flows through B216.Å1_VM71. Expected inactivity.,,ANGA,True
ann-snv-anga-b302-vmm72-vmm73-idle,building,B302,data_quality,1900-01-01,9999-01-01,Auxiliary meters B302.Å1_VMM72 and B302.Å1_VMM73 stay flat at zero for the full reference window. The building's steam consumption flows entirely through B302.Å1_VMM71 with Excel cache showing ~194/247 MWh Jan/Feb. Expected inactivity.,,ANGA,True
ann-snv-anga-b305-no-steam,building,B305,data_quality,1900-01-01,9999-01-01,B305.Å1_VMM71 flat across the whole reference period (2025-01 → 2026-02). Excel cache confirms B305 ÅNGA = 0 both months — the building has no steam consumption in this window. Expected.,,ANGA,True
ann-snv-anga-b313-vmm72-idle,meter,B313.Å1_VMM72,data_quality,1900-01-01,9999-01-01,"B313.Å1_VMM72 flat at zero across the reference period. B313's consumption is entirely through B313.Å1_VM71 (which also has a long flat run, see ann-snv-anga-b313-offline). Excel cache shows B313 ÅNGA = 0. Expected inactivity.",,ANGA,True
ann-snv-anga-b341-inactive,building,B341,data_quality,1900-01-01,9999-01-01,B341.Å1_VMM71 flat at zero for the whole reference period. No Excel ÅNGA row for B341. Building either has no steam connection active or the meter is dormant. Expected inactivity.,,ANGA,True
ann-snv-anga-b330-vmm73-low,meter,B330.Å1_VMM73,data_quality,1900-01-01,9999-01-01,B330.Å1_VMM73 mostly flat with tiny increments (max ~0.08 MWh/day). B330 consumption is dominated by B330.Å1_VMM71 and B330.Å1_VMM72; VMM73 contributes negligibly (< 1% of building total).,,ANGA,True
ann-snv-anga-seasonal-summer-flat,campus,SNV,data_quality,1900-01-01,9999-01-01,"Several SNV ÅNGA meters show multi-week flat runs in summer (June–August) — normal seasonal dormancy because steam demand collapses when process loads shut down. Examples: B301 (~53 days flat), B304 (~32 days flat), B325.Panna2/Panna3 (summer shutdowns). Not a data quality issue; expected behaviour.",,ANGA,True
snv_el_B308_T58_rollover,meter,B308.T58,rollover,2025-12-03,2025-12-03,"Counter rollover at Schneider ceiling (~10,000,000). Counter reset from 9999063 on 2025-12-03 (Δ=-9996275). Readings resume normally. Stitched via rolling_sum of :d.A + :d.B segments.",B308.T58:d.A|B308.T58:d.B|B308.T58:d,EL,True
snv_el_B311_T79_rollover,meter,B311.T79,rollover,2025-09-15,2025-09-15,"Counter rollover at Schneider ceiling (~10,000,000). Counter reset from 9998599 on 2025-09-15 (Δ=-9994911). Stitched via rolling_sum.",B311.T79:d.A|B311.T79:d.B|B311.T79:d,EL,True
snv_el_B325_T12_rollover,meter,B325.T12,rollover,2025-06-08,2025-06-08,"Counter rollover at Schneider ceiling (~10,000,000). Counter reset from 9998597 on 2025-06-08. Stitched via rolling_sum.",B325.T12:d.A|B325.T12:d.B|B325.T12:d,EL,True
snv_el_B330_T65_rollover,meter,B330.T65,rollover,2026-01-04,2026-01-04,"Counter rollover at Schneider ceiling (~10,000,000). Counter reset from 9998733 on 2026-01-04 (inside comparison window). Stitched via rolling_sum. B330 Jan shows -3728 kWh drift vs Excel — likely a stitch-boundary timing offset around the swap date.",B330.T65:d.A|B330.T65:d.B|B330.T65:d,EL,True
snv_el_B337_T43_rollover,meter,B337.T43,rollover,2026-01-29,2026-01-29,"Counter rollover at Schneider ceiling (~10,000,000). Counter reset from 9995275 on 2026-01-29 (inside comparison window, 3 days from month-end). Stitched via rolling_sum. B337 Jan shows -11023 kWh drift vs Excel — stitch-boundary offset.",B337.T43:d.A|B337.T43:d.B|B337.T43:d,EL,True
snv_el_B342_T67_rollover,meter,B342.T67,rollover,2025-05-21,2025-05-21,"Counter rollover at Schneider ceiling (~10,000,000). Counter reset from 9996659 on 2025-05-21. Stitched via rolling_sum. Swap well before comparison window.",B342.T67:d.A|B342.T67:d.B|B342.T67:d,EL,True
snv_el_B207_T94_2_2_offline,meter,B207.T94-2-2,outage,2025-02-28,2025-02-28,"Meter offline 2025-02-28 (frozen at 56655.14). Leaf meter — no children to patch from. B203 +term. Flow absent from ontology from Feb 2025; B203 still matches within 1 kWh in 2026-01/02, suggesting this meter's historical contribution was small or not in the flow window.",B207.T94-2-2:d,EL,True
snv_el_B307_T10_5_2_offline,meter,B307.T10-5-2,outage,2026-02-19,2026-02-19,Meter offline 2026-02-19 (frozen at 0.39). Low absolute value. Used as B307 -term sub-feeder.,B307.T10-5-2:d,EL,True
snv_el_B307_T10_6_5_offline,meter,B307.T10-6-5,outage,2026-02-22,2026-02-22,Meter offline 2026-02-22 (frozen at 0.284). Low value.,B307.T10-6-5:d,EL,True
snv_el_B307_T10_7_3_offline,meter,B307.T10-7-3,outage,2026-02-22,2026-02-22,Meter offline 2026-02-22 (frozen at 0.295). Low value.,B307.T10-7-3:d,EL,True
snv_el_B313_T26S_3_16_offline,meter,B313.T26S-3-16,outage,2025-12-10,2025-12-10,"Meter offline 2025-12-10 (frozen at 607512). Referenced by B310 (-0.5×), B311 (-0.5×), B317 (+1.0×). Pre-outage data captured; post-outage contribution zero in both ontology and Excel.",B313.T26S-3-16:d,EL,True
snv_el_B317_T49_4_7_offline,meter,B317.T49-4-7,outage,2026-01-19,2026-01-19,Meter offline 2026-01-19 (frozen at 0.209). Low absolute value so impact negligible.,B317.T49-4-7:d,EL,True
snv_el_strux_only_B313_T26S,meter,B313.T26S,data_quality,1900-01-01,9999-01-01,"Ställverk summary meter referenced by B310 (+0.5×) and B311 (+0.5×). NOT in Snowflake BMS — only in STRUX (verified: 79168 kWh Jan 2026, 77654 Feb 2026). Per RESOLVE_ONTOLOGY §0 no STRUX synthesis. Topology feeds 0 to B310/B311 via this pool; residual ~6 MWh/mo per building represents the T26S trunk-vs-subs gap. Documented gap; B310/B311 still match within ±3%.",,EL,False
snv_el_strux_only_B334_T87_T92,meter,B334.T87,data_quality,1900-01-01,9999-01-01,"B334.T87, T88, T89, T91, T92 are STRUX-only summary meters. Excel references them as +terms for B334. Snowflake carries per-feeder sub-meters (underscore notation). Topology fix (2026-04-20): derived timeseries with aggregation=sum from BMS sub-feeders. Brings B334 from -100% to +7% — small residual (+30000 kWh/mo) is genuine STRUX-vs-BMS fidelity gap, not a topology bug.",,EL,True
snv_el_strux_only_B209_T21_T32,meter,B209.T21,data_quality,1900-01-01,9999-01-01,"B209.T21 and B209.T32 are STRUX-only trunks. Excel B209 = T21 - T32 - sub-meters. T21 is +term but has no Snowflake data; B209 topology reads 0 vs Excel 15244 Jan. Could be fixed in the future by creating derived sums from BMS sub-meters (T21-1, T21-2-1, T21-4-1, etc.); not applied in v1 because the BMS sub-feeders don't fully cover the same electrical domain as T21 (some unmetered taps in between).",,EL,False
snv_el_strux_only_B304,meter,B304,data_quality,1900-01-01,9999-01-01,"B304's two +term meters (B313.T26S-3-12 at 4477 kWh Jan, B336.T40-3-1 at 0 kWh) are both STRUX-only with no BMS equivalents. Topology can't populate B304 without synthesizing STRUX values (forbidden). B304 reads 0 in ontology vs 4477 Jan Excel.",,EL,False
snv_el_excel_typo_B307_T77_4_5_B,meter,B385,unknown,1900-01-01,9999-01-01,"Resolved 2026-04-22: reference formula doc specifies B385 = +B339.T77-4-5 +B312.T34-2-5. Previously-parsed Excel had +B307.T77-4-5-B (phantom meter, not in Snowflake). meter_allocations now uses the real B339.T77-4-5; B385 diff ≤ 1 kWh both months.",B339.T77-4-5:d|B312.T34-2-5:d,EL,True
snv_el_placeholder_Reservkraft,meter,Reservkraft pl7,data_quality,1900-01-01,9999-01-01,"Excel row 50 W column = literal string 'Reservkraft pl7' — placeholder for backup-power allocation. Excluded from facit_meters. B341 matches within ±0.002%, so placeholder evaluates to zero in STRUX.",,EL,True
snv_el_B312_r28_fractional,building,B312,data_quality,1900-01-01,9999-01-01,"Excel R28=0.85 applies to whole (T34 - T34-2-3 - T34-2-4 - T34-2-5) net. Fix: B312.EL_VIRT virtual fed from B312.T34 at 0.85, residual 0.15 to SNV.EL_UNALLOC campus sink. B312 matches exactly.",,EL,True
snv_el_B204_B205_fractional,building,B204,data_quality,1900-01-01,9999-01-01,B209.T32-4-2 split 75%/25% B204/B205. Implemented via feeds to B204.EL_VIRT @ 0.75 and B205.EL_VIRT @ 0.25. Both buildings match exactly.,,EL,True
snv_el_T49_pool,building,B310,data_quality,1900-01-01,9999-01-01,"T49 pool split: B310 @ 0.4, B313 @ 0.1, B317 @ 0.5. Fix (2026-04-20): feeds edges + 8 extra-sub compensation edges (subs subtracted from B310's formula at 0.4 but not from B313/B317's formulas are fed separately to B313@0.1 and B317@0.5). B310 matches within 3%, B313 matches within 1 kWh, B317 Jan matches within 5 kWh. Feb B317 has -56% diff attributable to anomalous Excel Feb cached value (2× Jan despite similar T49 flow) — likely Excel data-entry issue.",,EL,False
snv_el_T26S_pool,building,B310,data_quality,1900-01-01,9999-01-01,"T26S pool split: B310 @ 0.5, B311 @ 0.5. T26S is STRUX-only so the pool residual (T26S - subs) is not computable; feeds contribute 0 through this path. Residual ~6 MWh/mo per building. Annotated.",,EL,False
snv_el_T29_split,building,B310,data_quality,1900-01-01,9999-01-01,"B311.T29 split: B310 @ 1/3, B311 @ 2/3. Fix: feeds edges. Both buildings' contributions from T29 now match Excel exactly.",,EL,True
snv_el_T77_4_5_double_plus,building,B305,data_quality,1900-01-01,9999-01-01,"B339.T77-4-5 is +1.0 in both B305 (row 22 helper) and B392 (row 73) — Excel bookkeeping counts the same meter twice. Compromise: 50/50 feeds split to B305.EL_VIRT and B392.EL_VIRT. Each building's Excel expects 100% of T77-4-5 (46018 kWh Jan); topology gives 50% to each. Residual: B305 -21%, B392 -42%. No way to satisfy Excel's 2.0 total without synthesizing data.",,EL,True
snv_el_T21_6_2_A_double_plus,building,B318,data_quality,1900-01-01,9999-01-01,"B318.T21-6-2-A is +1.0 in both B318 (row 34) and B344 (row 53). Same double-+1.0 accounting pattern as T77-4-5. 50/50 compromise; residual -1.9% B318, -4.3% B344.",,EL,True
snv_el_complex_B307,building,B307,data_quality,1900-01-01,9999-01-01,"Complex formula row 23 (B307): trunk summaries T10-1, T11-1 + 14 sub-feeders. Added hasSubMeter edges trunk→sub (14 edges). Building matches within 0-68 kWh.",,EL,True
snv_el_complex_B339,building,B339,data_quality,1900-01-01,9999-01-01,Complex formula row 48 (B339): trunk summaries T71-1..T78-1 + 4 sub-feeders. Added hasSubMeter edges trunk→sub (4 edges). Building matches within 0-106 kWh.,,EL,True
snv_el_complex_B305,building,B305,data_quality,1900-01-01,9999-01-01,Complex formula row 22 (B305): sum of 11 +terms across multiple buildings' prefixes. All at coefficient 1.0. Attribution by lowest-row rule; matches within ±6 kWh before T77-4-5 50/50 split. After split: -21%/-22% from the T77-4-5 half-share.,,EL,True
snv_el_B317_feb_anomaly,building,B317,data_quality,2026-02-01,2026-02-28,"B317 Feb 2026 Excel cached value (134118 kWh) is 2× Jan (62941 kWh) despite similar T49 trunk flow in both months. Ontology gives 58643 Feb, consistent with T49 Feb flow and matching Jan's scale. Likely Excel formula evaluation error or month-specific STRUX override. Jan now matches (diff ≈ 5 kWh after removing the duplicate −B317.T49-5-9 term) but Feb still reads −75k drift. Flagged for upstream Excel audit.",,EL,False
snv_el_B334_derived_sum,meter,B334.T87,patch,1900-01-01,9999-01-01,"B334.T87, T88, T89, T91, T92 lack Snowflake readings. Applied a derived timeseries with aggregation=sum sourcing from their Snowflake sub-feeders (underscore notation: T87_1_1, T87_2_2, etc.). Bridged B334 from -100% to +7.2% — remaining delta is the natural STRUX-vs-BMS measurement fidelity gap. 20 BMS sub-meter IDs added to facit_meters at campus attribution.",B334.T87:d|B334.T88:d|B334.T89:d|B334.T91:d|B334.T92:d,EL,True
snv_el_subkwh_match_tolerance,campus,SNV,calibration,1900-01-01,9999-01-01,SNV EL monthly reconciliation rows marked 'match' may show non-zero diffs up to ~10 kWh (relative < 0.005%). These are floating-point accumulation artifacts from 100+ sub-meter sums and are not real discrepancies. The comparison classifier uses a 0.1% relative threshold for 'match'.,,EL,True
snv_el_B302_drift_unexplained,building,B302,data_quality,1900-01-01,9999-01-01,"Drift of ~2 MWh (0.1%) between topology and Excel, both Jan and Feb 2026. Root cause not yet classified. Low magnitude; flagged for follow-up but not blocking reconciliation.",,EL,True
snv_el_B303_fp_noise,building,B303,data_quality,1900-01-01,9999-01-01,Monthly reconciliation residual below 0.05% of total — floating-point aggregation noise across many EL meters. No documented meter swap; accepted as pipeline precision limit.,,EL,True
snv_el_B326_fp_noise,building,B326,data_quality,1900-01-01,9999-01-01,Monthly reconciliation residual below 0.05% of total — floating-point aggregation noise across B326 meters. Accepted as pipeline precision limit.,,EL,True
snv_el_B344_drift_under_investigation,building,B344,data_quality,1900-01-01,9999-01-01,"−8.6% drift vs Excel both months. Both + terms (T57-4-7, T21-6-2-A) also appear as hasSubMeter children of their naming parents, likely double-counted under the one-parent-per-meter rule. Open; see open_questions.md §6.",,EL,False
snv_el_B392_undercount_under_investigation,building,B392,data_quality,1900-01-01,9999-01-01,"Complex-formula undercount (−23/−21 MWh both months) — same magnitude as B305, likely same root cause (helper-row sub-meters zeroed by hasSubMeter edges that attached them to their naming parents). Open; see open_questions.md.",,EL,False
snv_el_ref_doc_formula_verified,campus,SNV,unknown,1900-01-01,9999-01-01,"SNV EL building formulas cross-checked against reference/reference_formula_doc/the_only_one_formula_doc.xlsx (EL sheet). Surgical fixes applied: B385 +B307.T77-4-5-B → +B339.T77-4-5 (resolved 23k+ MWh phantom issue); B392 +B339.T77-4-5 → +B334.T87-5-2; B317 duplicate −B317.T49-5-9 removed (Jan now matches); B318.T21-6-2-A sign flipped (+ → −). New buildings added as documentation-only (B324, B399, B209 UPS, B325 Luft; their meters are attributed at campus level since Excel cache has 0/no row for these — avoids introducing phantom drift). B339 KOLF allocation added for doc-symmetry (B339 Kolfilter runtime unchanged). STRUX-only buildings (B340, B371, B336) cannot be populated from Snowflake — annotated.",,EL,True
snv_el_b209_ups_aggregator,building,B209 UPS,unknown,1900-01-01,9999-01-01,"Sub-aggregator listed in reference formula doc as B209 UPS = +B339.T77-5-1. Excel cache has no B209 UPS row. B339.T77-5-1 exists in Snowflake and is attributed to B339 (where it is subtracted, matching Excel). The B209 UPS aggregator stays as a documentation-only allocation row; its readings aren't double-counted against any building.",B339.T77-5-1:d,EL,False
snv_el_b325_luft_aggregator,building,B325 Luft,unknown,1900-01-01,9999-01-01,"Sub-aggregator per reference formula doc: B325 Luft = +B325.T13-5-6 +B325.T13-6-3 +B325.T12-3-4 +B325.T12-5-3 +B325.T12-6-3. Excel cache has no B325 Luft row. Of the 5 terms, 3 exist in Snowflake (T12-3-4, T13-5-6, T13-6-3) added as campus-level meters; 2 are missing (T12-5-3, T12-6-3 — suspected doc T12/T13 typo, see snv_el_b325_luft_missing_terms). Aggregator is documentation-only (allocation-side) to avoid double-counting against B325.",B325.T12-3-4:d|B325.T13-5-6:d|B325.T13-6-3:d,EL,False
snv_el_b325_luft_missing_terms,building,B325 Luft,data_quality,1900-01-01,9999-01-01,Reference formula doc references B325.T12-5-3 and B325.T12-6-3 which are absent from Snowflake. Snowflake has B325.T13-5-3 and B325.T13-6-3 — suspected doc typo (T12 → T13). Needs site confirmation. Impact: B325 Luft aggregator (documentation-only) covers 3 of 5 doc-listed meters.,,EL,False
snv_el_b339_kolf_aggregator,building,B339 Kolfilter,unknown,1900-01-01,9999-01-01,The B339 carbon-filter sub-load has always existed in the ontology as building 'B339 Kolfilter' with meter B339.T74-2-2 (Excel cache ~16.8 / 17.2 MWh Jan/Feb). Reference formula doc calls this same aggregator 'B339 KOLF'. A parallel 'B339 KOLF' allocation row was added for doc-symmetry but does not alter runtime numbers (meter_measures already attributes T74-2-2 to B339 Kolfilter). The T74-2-2 term was also removed from B339's main formula (where the parser had incorrectly included it).,B339.T74-2-2:d,EL,True
snv_el_b324_added,building,B324,unknown,1900-01-01,9999-01-01,B324 EL intake now modeled via B324.EL_INTAKE virtual: B324.H3 + B324.H4_1 feeds k=1.0 with hasSubMeter fan-out to all 92 root downstream EL meters. Sums to AZ-total EL within 0.01 % of TN-side billing per Total SNV tab. See ann-snv-el-b324-intake-virtual + ann-snv-el-b324-h4-1-rollovers.,B324.H3:d,EL,False
snv_el_b399_added,building,B399,unknown,1900-01-01,9999-01-01,Reference formula doc lists B399 = +B328.T19-3-2 +B328.T20-3-2 but Excel cache has no B399 row. Meters added to ontology as campus-level (building_id blank) so the raw data is ingestable but not attributed to any building (avoids creating a phantom drift vs Excel=0). Excel's omission of B399 is the source of truth for v1.,B328.T19-3-2:d|B328.T20-3-2:d,EL,False
snv_el_b303_t80_missing_term,building,B303,unknown,1900-01-01,9999-01-01,Added missing +B311.T80-2-3 term to B303's allocation per reference formula doc; meter exists in Snowflake. Previous ontology had only 2 of 3 doc-listed terms.,B311.T80-2-3:d,EL,True
snv_el_b340_strux_only,building,B340,data_quality,1900-01-01,9999-01-01,"Reference formula doc defines B340 = +B371.T23_2_6. All B371.* sub-meters are STRUX-only (absent from Snowflake BMS), so the ontology cannot populate B340 without a STRUX-synthesis primitive. Per project convention (STRUX-only never synthesized), B340 reads zero in topology while Excel cached value will show real consumption.",,EL,False
snv_el_b371_strux_only,building,B371,data_quality,1900-01-01,9999-01-01,Reference formula doc defines B371 = +B371.T23 + B371.T31 − B371.T31_4_4 − B371.T31_5 − B371.T31_4_3 − B371.T23_4_4 (6 terms). All B371.* meters are STRUX-only (absent from Snowflake). Ontology cannot populate B371 without STRUX synthesis; reads zero in topology.,,EL,False
snv_el_b336_el_strux_only,building,B336,data_quality,1900-01-01,9999-01-01,Reference formula doc defines B336 EL = +B336.T39 + B336.T40 − B336.T40_3_1 despite B336 being marked demolished ('Utgår byggnads rivs') for VÄRME and KALLVATTEN. All B336.* sub-meters are STRUX-only (absent from Snowflake). Status unclear: either electric systems survive demolition (decommissioning loads) or the doc is not yet in sync with the demolition. Needs site confirmation.,,EL,False
snv_el_b310_pool_missing_b360_terms,building,B310,data_quality,1900-01-01,9999-01-01,"Reference formula doc adds +B360.T99_7_4_A +B360.T99_7_5 to B310's massive pool formula. Both meters exist in Snowflake. Not currently added because B360 is not a registered building in the ontology (would require building + sub-meter infrastructure). Impact: B310 topology slightly under-counts vs Excel by the sum of these two sub-feeders. Flagged for follow-up — add B360 building to ontology with its T99 sub-meters, or mirror the two meters as virtual B310 sub-feeds.",B360.T99-7-4-A:d|B360.T99-7-5:d,EL,False
snv_el_b310_b311_t26s_naming_mismatch,building,B310,data_quality,1900-01-01,9999-01-01,"Reference formula doc references B313.T26S_2_16 and B313.T26S_2_24 in the B310 (−0.5×) and B311 (−0.5×, +0.5× respectively) pool terms. Neither exists in Snowflake. Current ontology uses B313.T26S-2-6 and B313.T26S-2-XX instead — B313.T26S-2-XX is a real Snowflake meter, B313.T26S-2-6 is not. The Snowflake fleet has B313.T26S-2-12 but not -2-16 or -2-24. Suspected naming/parsing mismatch between doc, historical Excel, and Snowflake. Residual impact on B310/B311 pool reconciliation is small (< 1% of total). Needs upstream clarification before corrective action.",,EL,False
snv_el_b311_t56_4_2_missing,building,B311,data_quality,1900-01-01,9999-01-01,"Reference formula doc subtracts B311.T56_4_2 from B311's pool. Meter does not exist in Snowflake (B311.T56-4-7 exists, but -4-2 doesn't). Suspected either typo in doc or STRUX-only meter. Not currently applied. Minor impact — flagged for upstream verification.",,EL,False
snv_el_b317_t49_coefficient_missing,building,B317,data_quality,1900-01-01,9999-01-01,"Reference formula doc specifies B317's T49-family terms with 0.5 coefficient (+0.5×B317.T49, −0.5×B317.T49_5_5, etc.). Our ontology allocates them at coefficient 1.0 because views.sql has no fractional-coefficient primitive for per-term scaling (same limitation as the snv_el_T49_pool annotation). Impact: B317 over/under-counts individual feeders by ×2; the net pool-residual is small because the ±0.5 terms offset. Resolution requires fractional-subtract primitive.",,EL,False
snv_el_inactive_sub_meters,campus,SNV,data_quality,1900-01-01,9999-01-01,"Several SNV EL sub-meters remain flat at zero for the entire reference period (2025-01 → 2026-02): B313.T26S-2-XX, B313.T26S-3-20, B360.T99-4-6, B207.T94-4-6. These are sub-feeders for sub-loads that are currently inactive or spare capacity. No data-quality issue; accepted.",B313.T26S-2-XX:d|B313.T26S-3-20:d|B360.T99-4-6:d|B207.T94-4-6:d,EL,True
ann-snv-kv-b313-double-subtract,meter,B313.KV1_VMM22_V,unknown,1900-01-01,9999-01-01,"Excel double-subtracts this meter: it appears as a subtracted −term on row 26 (B310 formula) AND on row 30 (B314 formula). Ontology enforces one-parent-per-meter and attached it to B314 (shorter-formula-wins). B310 therefore over-counts vs Excel by Δ(B313.KV1_VMM22_V) each month (+120.82 MWh Jan-2026, +26.73 MWh Feb-2026). Excel is immutable.",B310.KV1:d|B314.KV1:d,KALLVATTEN,False
ann-snv-kv-b315-double-subtract,meter,B315.KV1_VMM21_V,unknown,1900-01-01,9999-01-01,"Excel lists B315.KV1_VMM21_V as both a +term on row 30 (B314) AND the sole +term on row 31 (B315). Ontology attached the meter to B315 (prefix-match convention). Result: B311 over- counts by +23.72 Jan / +15.22 Feb (via the pool share), and B314 under-counts by the same magnitude. B315 itself matches Excel exactly. Excel is immutable.",B311.KV1:d|B314.KV1:d|B315.KV1:d,KALLVATTEN,False
ann-snv-kv-b302-swap,meter,B302.KV1_VMM21_V,swap,2025-01-09,2025-01-09,Device swap 2025-01-09 (last value 5386.99). Split A|B via rolling_sum.,B302.KV1_VMM21_V:d.A|B302.KV1_VMM21_V:d.B|B302.KV1_VMM21_V:d,KALLVATTEN,True
ann-snv-kv-b389-swap,meter,B389.BRV1_VM21,outage,2025-12-16,2026-02-03,"Winter offline + catch-up flush 2025-12-16 → 2026-02-03 (47 days flat at 799.85 m³, then ramp up to 831 m³ by 2026-02-20). NOT an actual register swap — counter is monotonic, no reset event; the original ""swap 2025-10-17"" labeling was inaccurate (counter had already gone flat earlier). Patched via 3-segment slice/interpolate/slice + rolling_sum (:d.A | :d.patch | :d.B). Outside Jan/Feb 2026 reference window for facit comparison, but the patch spreads the post-Feb-3 catch-up backwards into Dec/Jan — see excel_comparison_annotations classification as meter_outage.",B389.BRV1_VMM21:d.A|B389.BRV1_VMM21:d.patch|B389.BRV1_VMM21:d.B|B389.BRV1_VMM21:d,KALLVATTEN,True
ann-snv-kv-b409-offline,meter,B409.KV1_VM21,outage,2025-10-17,9999-01-01,Counter went offline 2025-10-17 at value 236425.72. Leaf meter; no children for sum-patch. Outside Jan/Feb 2026 reference.,,KALLVATTEN,True
ann-snv-kv-b301-offline,meter,B301.KV1_VMM21_V,outage,2026-01-14,9999-01-01,Counter went offline 2026-01-14 at value 278.83. Inside the Jan 2026 reference period — affects Jan 14 → Feb 28. Ref carries valid_to so downstream gets zero delta post-outage (flat-carry equivalent). Excel total not materially impacted (B301 is a small consumer).,,KALLVATTEN,
ann-snv-kv-b305-offline,meter,B305.KV1_VMM23_V,outage,2026-02-24,9999-01-01,Counter went offline 2026-02-24 at value 79.15. Inside Feb 2026 — last 4 days of the month missing.,,KALLVATTEN,
ann-snv-kv-b317-vm22-offline,meter,B317.KV1_VMM22_V,outage,2026-02-21,9999-01-01,Counter went offline 2026-02-21 at value 35.62. Inside Feb 2026 reference period.,,KALLVATTEN,
ann-snv-kv-b317-vm23-offline,meter,B317.KV1_VMM23_V,outage,2026-02-10,9999-01-01,Counter went offline 2026-02-10 at near-zero value (8.74e-05). Inside Feb 2026 reference period.,,KALLVATTEN,
ann-snv-kv-b317-vm25-offline,meter,B317.KV1_VMM25_V,outage,2026-01-09,9999-01-01,Counter went offline 2026-01-09 at value 77.94. Inside Jan 2026 reference period.,,KALLVATTEN,
ann-snv-kv-b311-vm26-distribution,meter,B311.KV1_VMM26,calibration,1900-01-01,9999-01-01,B311.KV1_VMM26 is the main kallvatten distribution node with 13 children. Currently healthy; candidate for sum-children patch if it ever goes offline.,,KALLVATTEN,
ann-snv-kv-ref-doc-formula-verified,campus,SNV,unknown,1900-01-01,9999-01-01,"All SNV KALLVATTEN building formulas cross-checked verbatim against reference/reference_formula_doc/the_only_one_formula_doc.xlsx (KALLVATTEN sheet). 39/40 buildings match current meter_allocations including the big B311 15-term pool, the B310 8-term pool, the B202 multi-intake chain, and every cross-building subtraction (B307 − B342 − B344; B327 − B326; B334 − B330; B339 − B318; B314 with + B315 − B313 term; B318 − B353 − B319). B336 is the only miss (see ann-snv-kv-b336-demolished). B204/205 and B330/331 combined in PME as documented elsewhere.",,KALLVATTEN,True
ann-snv-kv-b336-demolished,building,B336,unknown,1900-01-01,9999-01-01,"Reference formula doc lists a B336 formula (B334.KV1_VM26_V − (B392.KV1_VM21 + B392.KV1_VM22)) but marks it ""Utgår byggnads rivs"" (building being demolished). Ontology has no B336 allocation. Any residual B336 flow previously tracked by this transit-loss formula is unaccounted post- demolition. Confirm with facilities whether B392.VM21/VM22 are still expected to pass through B336 physically.",,KALLVATTEN,False
ann-snv-kv-b217-formula-updated-mar2026,building,B217,unknown,2026-03-17,9999-01-01,"B217 KV formula updated on 2026-03-17 per reference formula doc (""FORMEL UPPDATERAD 2026-03-17""). Current formula is +B217.KV1_VM24_V only (single meter). Jan/Feb 2026 reconciliation windows pre-date this change; post-March 2026 values should continue to match.",,KALLVATTEN,True
ann-snv-kv-b314-vm22-installed-apr2025,meter,B314.KV1_VMM22_V,data_quality,2025-04-22,9999-01-01,"B314.KV1_VM22_V was installed on 2025-04-22 per reference formula doc (""OBS B314.KV1_VM22_V installerades 2025-04-22""). Pre-install readings will be absent/zero, so the B310 formula term (−B314.KV1_VM22_V) contributes zero to the Jan-Apr 2025 window — expected, not a data gap.",,KALLVATTEN,True
ann-snv-kv-b204-b205-combined,building,B204,unknown,1900-01-01,9999-01-01,"B204 accounting in PME covers both B204 and B205 as one combined unit per reference formula doc (""B204/205 är det som gäller i PME""). B205 has no standalone KALLVATTEN formula; its consumption is embedded in B204.KV1_VM22_V.",,KALLVATTEN,True
ann-snv-kv-b330-b331-combined,building,B330,unknown,1900-01-01,9999-01-01,"B330 KV accounting covers both B330 and B331 as one combined unit per reference formula doc (""B330/331 är det som gäller i PME""). B331 has no standalone KALLVATTEN formula; its consumption is embedded in B330.KV1_VM23_V.",,KALLVATTEN,True
ann-snv-kv-b310-vmm23-winter-offline,meter,B310.KV1_VMM23_V,outage,2025-09-21,2026-01-14,"Counter flat for 115 days (2025-09-21 → 2026-01-13) at 5987.662, then single catch-up flush on 2026-01-14 (+1962.80 m³, ~17.1 m³/day across the window — consistent with pre-flat rate 15.7/day and post-flush rate 19.1/day). BMS gateway outage. A raw daily-delta view would show a spike on 2026-01-14 at B310 (+1963) and a mirror dip at B311 (−1963) since B310.KV1_VM23_V is a −term in B311's 15-term pool. Patched via 3-segment rolling_sum (:d.A slice valid_to=2025-09-21 | :d.patch interpolate 2025-09-21→2026-01-14 | :d.B slice valid_from=2026-01-14), same pattern as ann-snv-anga-b317-vmm72-offline-winter for ÅNGA.",B310.KV1_VMM23_V:d.raw|B310.KV1_VMM23_V:d.A|B310.KV1_VMM23_V:d.patch|B310.KV1_VMM23_V:d.B|B310.KV1_VMM23_V:d,KALLVATTEN,True
ann-snv-kv-b310-vmm20-winter-offline,meter,B310.KV1_VMM20_V,outage,2025-09-21,2026-01-14,"Counter flat for 115 days (2025-09-21 → 2026-01-13) at 110.82, flush 2026-01-14 (+8.59 m³). Low magnitude but same BMS-gateway event as B310.KV1_VMM23_V. Patched via 3-segment rolling_sum with interpolate across the flat window. Same mirror-dip effect on B311's pool (B310.KV1_VM20_V is −term in B311).",B310.KV1_VMM20_V:d.raw|B310.KV1_VMM20_V:d.A|B310.KV1_VMM20_V:d.patch|B310.KV1_VMM20_V:d.B|B310.KV1_VMM20_V:d,KALLVATTEN,True
ann-snv-kv-b313-vmm22-winter-offline,meter,B313.KV1_VMM22_V,outage,2025-09-21,2026-01-14,"Counter flat for 115 days (2025-09-21 → 2026-01-13) at 630.81, flush 2026-01-14 (+104.51 m³). Same BMS-gateway outage as B310.KV1_VMM23_V. Patched via 3-segment rolling_sum with interpolate across the flat window. Mirror-dip on B310 since B313.KV1_VM22_V is a −term in the B310 formula; also double-subtracted in Excel row 30 (B314) — see ann-snv-kv-b313-double-subtract.",B313.KV1_VMM22_V:d.raw|B313.KV1_VMM22_V:d.A|B313.KV1_VMM22_V:d.patch|B313.KV1_VMM22_V:d.B|B313.KV1_VMM22_V:d,KALLVATTEN,True
ann-snv-kv-b317-vmm21-winter-offline,meter,B317.KV1_VMM21_V,outage,2025-09-21,2026-01-14,"Counter flat for 115 days (2025-09-21 → 2026-01-13) at 737.98, flush 2026-01-14 (+97.41 m³). Same BMS-gateway outage as B310.KV1_VMM23_V. Patched via 3-segment rolling_sum with interpolate across the flat window. Mirror-dip on B311 since B317.KV1_VM21_V is a −term in the B311 pool.",B317.KV1_VMM21_V:d.raw|B317.KV1_VMM21_V:d.A|B317.KV1_VMM21_V:d.patch|B317.KV1_VMM21_V:d.B|B317.KV1_VMM21_V:d,KALLVATTEN,True
ann-snv-kv-b389-brv1-offline-dec,meter,B389.BRV1_VMM21,outage,2025-12-16,2026-02-03,"Counter flat for 48 days (2025-12-16 → 2026-02-02) at 943.09, flush 2026-02-03 (+261.16 m³, ~5.4 m³/day across the window). Separate event from the Sep→Jan winter outage (B389 is on a different BMS branch — brandvatten / fire-water). Patched via 3-segment rolling_sum with interpolate across the flat window. B389 appears only as a standalone +term in its own building formula, so no mirror effect elsewhere.",B389.BRV1_VMM21:d.raw|B389.BRV1_VMM21:d.A|B389.BRV1_VMM21:d.patch|B389.BRV1_VMM21:d.B|B389.BRV1_VMM21:d,KALLVATTEN,True
ann-snv-kv-b302-vmm23-unused,meter,B302.KV1_VMM23_V,data_quality,1900-01-01,9999-01-01,"B302.KV1_VMM23_V flat at zero for the whole reference period (2025-01 → 2026-02). Reference formula doc's B302 formula uses VMM21, VMM22, VMM23 — so VMM23 is part of the building formula but currently reads zero. Either the sub-loop is idle or the counter is dormant. Low magnitude; accepted.",,KALLVATTEN,True
ann-snv-kv-b304-vmm23-low,meter,B304.KV1_VMM23_V,data_quality,2025-05-17,2025-06-18,"B304.KV1_VMM23_V had a 33-day flat run in early summer 2025 with low-magnitude readings (median 0.17 m³/day, max 24 m³/day). Seasonal / intermittent use pattern typical of auxiliary cold- water loops.",,KALLVATTEN,True
ann-snv-kv-b308-vmm23-spring-spike,meter,B308.KV1_VMM23_V,data_quality,2025-03-10,2025-03-14,"B308.KV1_VMM23_V shows a 5-day burst (2025-03-10 → 14) of 200–366 m³/day, well above the 17 m³/day median. No ontology patch needed — monotonic counter, real consumption. Possibly a process test or seasonal filling; worth noting for trend baselines.",,KALLVATTEN,True
ann-snv-kv-b318-vmm21-oct-spike,meter,B318.KV1_VMM21_V,data_quality,2025-10-01,2025-10-02,"B318.KV1_VMM21_V shows a 2-day spike (160 + 116 m³) above its ~4 m³/day baseline. Monotonic counter, no patch needed. Likely a process event; flagged for context only.",,KALLVATTEN,True
ann-snv-kyla-b203-kb1-offline,meter,B203.KB1,outage,2025-10-17,9999-01-01,Counter went offline 2025-10-17 at value 6023.20. Leaf meter; ref carries valid_to=2025-10-17 so no flat-carry past the event.,,KYLA,
ann-snv-kyla-b203-kb5-offline,meter,B203.KB5-Intverk,outage,2025-10-17,9999-01-01,Counter went offline 2025-10-17 at value 7879.81. Same upstream event family as B203.KB1 and B209.KB4.,,KYLA,
ann-snv-kyla-b209-kb4-offline,meter,B209.KB4_VMM51,outage,2025-10-17,9999-01-01,"Counter went offline 2025-10-17 at value 7346.35. Three-meter coincident offline (B203.KB1, B203.KB5-Intverk, B209.KB4_VMM51) suggests a shared upstream network event.",,KYLA,
ann-snv-kyla-b201-kb1-elogg-offline,meter,B201.KB1_Elogg,outage,2026-02-17,9999-01-01,Counter went offline 2026-02-17 at value 494.0. Inside the Jan/Feb 2026 reference period — affects the last ~2 weeks of February. Leaf meter; no children to patch from.,,KYLA,
ann-snv-kyla-b207-vent-offline,meter,B207.VENT,outage,2026-02-15,9999-01-01,Counter went offline 2026-02-15 at value 936.7. Inside the Feb 2026 reference period — affects the last ~2 weeks of February.,,KYLA,
ann-snv-kyla-b216-vent-offline,meter,B216.VENT,outage,2025-09-27,9999-01-01,Counter went offline 2025-09-27 at value 1050.1. Outside the Jan/Feb 2026 reference period; no impact on the current facit.,,KYLA,
ann-snv-kyla-fractional-splits,campus,SNV,calibration,1900-01-01,9999-01-01,Four meter refs carry tenant/pool splits that require a fractional-subtract primitive not available in views.sql: B304.KB2 → B302/B303 @ 0.5/0.5; B307.KB1 → B305/B307 @ 0.5/0.5; B305.KB1 → B305 @ 1.0; B307.KB1_VMM52 → B307 @ 1.0. Source meters are attached to campus (building_id='') per the fully-split convention. Residuals of ±1–3 MWh on B302/B303/ B305/B307 are expected until a weighted-subtract primitive exists. See decisions.md in this workstream.,,KYLA,
ann-snv-kyla-ref-doc-marks-all-na,campus,SNV,unknown,1900-01-01,9999-01-01,"Reference formula doc (KYLA sheet) marks all SNV buildings as 'N/A' for KYLA. However, current snv_kyla ontology tracks 22 buildings with real allocations sourced from the SNV Excel workbook. SNV KYLA Excel cache shows real values for B203/B207/B209 etc. (e.g. B216=111 MWh Jan). The doc therefore appears incomplete / aspirational for SNV KYLA. Current ontology is authoritative; doc not applied. Note: doc also records 'STÄNGDA HUS RÄKNAS SOM ETT' for the closed-house group (B202/203/204/205/209) — this grouping has been applied in VÄRME and KV via annotations but KYLA wasn't affected since closed houses have KYLA = 0.",,KYLA,False
ann-snv-kyla-b312-inactive,meter,B312.KB1,data_quality,1900-01-01,9999-01-01,B312.KB1 flat at zero for the entire reference period. B312 has no active chilled-water cooling; Excel cache confirms 0. Expected inactivity.,,KYLA,True
ann-snv-kyla-b209-b304-spring-flat,campus,SNV,data_quality,1900-01-01,9999-01-01,B209.KB1 (63 days) and B304.KB1 (36 days) show early-year flat runs ending around 2025-03-06. Low-magnitude meters; normal pre-cooling-season dormancy (chilled water not yet active).,,KYLA,True
ann-snv-sv-bps-v2-pool,campus,SNV,calibration,1900-01-01,9999-01-01,"SNV sjövatten sheet uses a virtual pool 'BPS_V2' = B342 inlets − 15 direct consumers, then distributes it fractionally to four buildings with monthly-variable R-factors. Ontology cannot mirror the fractional pool without a fractional-subtract primitive; current approach allocates via feeds edges and accepts residuals. See feedback_bps_v2_pool_revisit memory — revisit blocked pending Snowflake coverage of all pool drain meters.",,SJOVATTEN,False
ann-snv-sv-b304-strux-only,meter,B304-52-V2-AW026,unknown,1900-01-01,9999-01-01,"B304-52-V2-AW026 is a manually-read STRUX meter with no Snowflake equivalent. Excel caches the meter's monthly value; ontology reads zero. B304 therefore under-counts by the STRUX cached value each month (−29640 Jan-2026, −43483 Feb-2026). Per project convention, STRUX-only meters are never synthesized as Snowflake rows.",,SJOVATTEN,
ann-snv-sv-b334-offline,meter,B334.V2_VM90_V,outage,2025-08-05,2025-11-30,"Counter went offline 2025-08-05 at value 335549.97 and resumed with a device swap on 2025-11-30 at value 364454.09. Combined pattern covered by 2-segment split :d.A | :d.B via rolling_sum. The ~4-month gap is flat-carried; if B334 has upstream data or siblings that capture the physical flow, an interpolate patch could recover the integral. Outside Jan/Feb 2026 reference period so no facit impact.",B334.V2_VM90_V:d.A|B334.V2_VM90_V:d.B|B334.V2_VM90_V:d,SJOVATTEN,
ann-snv-sv-b342-swap,meter,B342.V2_VM91_V,swap,2025-02-17,2025-02-17,Device swap 2025-02-17 (last value 758607.50). Outside Jan/Feb 2026 reference period.,,SJOVATTEN,
ann-snv-sv-b229-offline,meter,B229.V2_VMM51,outage,2026-02-20,9999-01-01,Counter went offline 2026-02-20 at value 9471341.0. Inside Feb 2026 reference period — affects last 8 days of the month.,,SJOVATTEN,
ann-snv-sv-b305-offline,meter,B305.V2_VMM21,outage,2025-10-18,9999-01-01,Counter went offline 2025-10-18 at value 6.60 (essentially zero before offline too). Outside Jan/Feb 2026.,,SJOVATTEN,
ann-snv-sv-b339-offline,meter,B339.V2_GF4,outage,2025-05-19,9999-01-01,Counter went offline 2025-05-19 at value 4840979.0. Outside Jan/Feb 2026.,,SJOVATTEN,
ann-snv-sv-b229-seasonal,meter,B229.V2_VMM51,data_quality,1900-01-01,9999-01-01,"Seawater cooling seasonal pattern. Active Jun-Oct (~40-90 L/day summer peak), minimal Nov-May (mostly flat days with occasional 1-2 L/day). Not a data-quality issue — reflects physical use of seawater cooling during warm months.",,SJOVATTEN,True
ann-snv-sv-b339-gf3-3-seasonal,meter,B339.V2_GF3_3,data_quality,1900-01-01,9999-01-01,"Inverse seasonal pattern. Active Dec-May (~50-115k L/month), zero Jun-Nov (6-month dormancy). Likely a winter-use circuit (possibly heat-recovery or free-cooling dependent on seawater temperature). Not a data-quality issue. The 'spike' visible on 2026-02-28 is simply the normal daily rate during its active season.",,SJOVATTEN,True
ann-snv-sv-b301-bps-v2-share,building,B301,data_quality,1900-01-01,9999-01-01,B301 = 0.09 × BPS_V2 in Excel (sheet-level fractional residual pool). See ann-snv-sv-bps-v2-pool for the pool mechanics; revisit is blocked pending fractional-subtract primitive and complete Snowflake coverage of the BPS drain meters.,,SJOVATTEN,False
ann-snv-sv-b302-bps-v2-share,building,B302,data_quality,1900-01-01,9999-01-01,B302 = 0.18 × BPS_V2 share. Same pool split as B301; see ann-snv-sv-bps-v2-pool.,,SJOVATTEN,False
ann-snv-sv-b303-bps-v2-share,building,B303,data_quality,1900-01-01,9999-01-01,B303 = 0.18 × BPS_V2 share. Same pool split as B301; see ann-snv-sv-bps-v2-pool.,,SJOVATTEN,False
ann-snv-sv-b307-bps-v2-share,building,B307,data_quality,1900-01-01,9999-01-01,B307 = 0.46 × BPS_V2 share (largest share). Same pool split as B301; see ann-snv-sv-bps-v2-pool.,,SJOVATTEN,False
ann-snv-sv-b344-bps-v2-share,building,B344,data_quality,1900-01-01,9999-01-01,B344 = 0.09 × BPS_V2 share. Same pool split as B301; see ann-snv-sv-bps-v2-pool.,,SJOVATTEN,False
ann-snv-sv-bkringlan-strux-only,building,BKringlan,data_quality,1900-01-01,9999-01-01,"BKringlan is an external-consumer (Telge Nät) metered via TE-52-V2-GF4:1, a manually-read STRUX meter with no BMS data. Excel shows cached STRUX values; ontology reports zero. Per project convention, STRUX-only meters are not synthesized into Snowflake.",,SJOVATTEN,True
ann-snv-sv-bscania-strux-only,building,BScania,data_quality,1900-01-01,9999-01-01,"BScania is an external-consumer (Telge Nät / Scania) metered via TE-52-V2-SCANIA, a manually-read STRUX meter with no BMS data. Same convention as BKringlan.",,SJOVATTEN,True
snv_sjovatten_ref_doc_empty,campus,SNV,unknown,1900-01-01,9999-01-01,Reference formula doc sheet 'SJÖVATTEN V2' exists but has no populated formulas (header only). Current workstream ontology predates the doc and continues to be authoritative. Re-check when the doc is populated.,,SJOVATTEN,False
ann-snv-sv-b308-vm21-inactive,meter,B308.V2_VM21-V,data_quality,1900-01-01,9999-01-01,B308.V2_VM21-V flat at zero for the full reference period. Inactive sub-meter. Not used in building formulas; no impact.,,SJOVATTEN,True
ann-snv-sv-b339-gf3-4-intermittent,meter,B339.V2_GF3_4,data_quality,2025-08-26,2025-10-19,"B339.V2_GF3_4 flat 55 days ending 2025-10-19. Large-magnitude meter (median 2374 L/day). Consistent with the seasonal V9 sjövatten pattern at B339 (active Dec–May, dormant Jun–Nov). Accepted seasonal behaviour.",,SJOVATTEN,True
ann-snv-varme-b201-swap,meter,B201.VP1_VMM61,swap,2025-08-05,2025-08-05,Device swap 2025-08-05 (last value 67.26). Handled by 2-segment split B201.VP1_VMM61:d.A | :d.B via rolling_sum.,B201.VP1_VMM61:d.A|B201.VP1_VMM61:d.B|B201.VP1_VMM61:d,VARME,True
ann-snv-varme-b217-register-corruption,meter,B217.VP1_VMM61,data_quality,2025-07-15,2025-10-08,"Same register-corruption pattern as B217.Å1_VMM71 ÅNGA (wrong BMS register polled). :d.A has 13 days of zero then 8 days stuck-high at 662831.21. :d.B is a further 5-day artifact at 23724. Both segments untrustworthy. Canonical :d slices from :d.C only (valid_from 2025-10-09), accepting pre-Oct-9 data as unrecoverable. Jan/Feb 2026 facit comparisons unaffected.",B217.VP1_VMM61:d.A|B217.VP1_VMM61:d.B|B217.VP1_VMM61:d.C|B217.VP1_VMM61:d,VARME,True
ann-snv-varme-b330-swap,meter,B330.VS1_VMM61,swap,2025-01-07,2025-01-07,"Device swap 2025-01-07 (last value 1758.83). Coincident with B334, B337, B341 swaps — suggests a coordinated device-family replacement. Split A|B via rolling_sum.",B330.VS1_VMM61:d.A|B330.VS1_VMM61:d.B|B330.VS1_VMM61:d,VARME,True
ann-snv-varme-b334-swap,meter,B334.VS1_VMM61,swap,2025-01-07,2025-01-07,"Device swap 2025-01-07 (last value 983.69). Coincident swap family (B330, B334, B337, B341). Split A|B via rolling_sum.",B334.VS1_VMM61:d.A|B334.VS1_VMM61:d.B|B334.VS1_VMM61:d,VARME,True
ann-snv-varme-b337-swap,meter,B337.VP12_VMM61,swap,2025-01-07,2025-01-07,Device swap 2025-01-07 (last value 296.97). Coincident swap family. Split A|B via rolling_sum.,B337.VP12_VMM61:d.A|B337.VP12_VMM61:d.B|B337.VP12_VMM61:d,VARME,True
ann-snv-varme-b341-swap,meter,B341.VS1_VMM61,swap,2025-01-07,2025-01-07,Device swap 2025-01-07 (last value 1520.07). Coincident swap family (B330/B334/B337/B341). Handled by 2-segment split B341.VS1_VMM61:d.A | :d.B via rolling_sum.,B341.VS1_VMM61:d.A|B341.VS1_VMM61:d.B|B341.VS1_VMM61:d,VARME,True
ann-snv-varme-b203-fv1-offline,meter,B203.FV1_MQ4_E,outage,2025-10-18,9999-01-01,Fjärrvärme intake meter for B203 (TN ID 100420). Counter went offline 2025-10-18 at value 4582.21 (last change 2025-10-17). Kontroll FV-mätare cross-check confirms TN-side is also zero — B203 is genuinely disconnected from the district-heating grid. Member of SNV.VARME_INTAKE aggregator.,B203.FV1_MQ4_E:d,VARME,
ann-snv-varme-b311-vp1-offline,meter,B311.VP1_VMM61,outage,2025-02-13,9999-01-01,Counter went offline 2025-02-13 at value 158.73. Outside Jan/Feb 2026 reference period.,,VARME,True
ann-snv-varme-b310-vp2-distribution,meter,B310.VP2_VMM61,calibration,1900-01-01,9999-01-01,"B310.VP2_VMM61 is the secondary-side distribution node for the B310 heat exchanger, with 23 children across B301–B305, B311, B312, B313, B317, B341, B385. Sits downstream of B310's four FV1 primary intake meters (B310.FV1_VMM61/62/63/64) which now feed SNV.VARME_INTAKE. Healthy candidate for sum-children patching if it ever goes offline.",,VARME,
ann-snv-varme-b310-vp2-offline-fall,meter,B310.VP2_VMM61,outage,2025-09-20,2026-01-13,Primary värme distribution node offline 2025-09-20 through 2026-01-13 (~117 days). Single catch-up flush 2026-01-14 of +1986.6 kWh. Implied rate 17/day across offline window matches the seasonal ramp from summer lows to winter ~30/day post-catchup. Patched via interpolate between clean endpoints 2025-09-19 (3178.95) and 2026-01-14 (5165.56). Synchronized with B311.VP1_VMM64 and B313.VP1_VMM62 — suggests building-level BMS communication outage.,B310.VP2_VMM61:d.patch,VARME,True
ann-snv-varme-b311-vmm64-offline-fall,meter,B311.VP1_VMM64,outage,2025-09-20,2026-01-13,Counter offline 2025-09-20 through 2026-01-13 (~117 days). Single catch-up flush 2026-01-14 of +45.6 kWh. Patched via interpolate. Synchronized with B310.VP2_VMM61 and B313.VP1_VMM62.,B311.VP1_VMM64:d.patch,VARME,True
ann-snv-varme-b313-vmm62-offline-fall,meter,B313.VP1_VMM62,outage,2025-09-22,2026-01-13,Counter offline 2025-09-22 through 2026-01-13 (~114 days). Single catch-up flush 2026-01-14 of +404.8 kWh. Patched via interpolate. Synchronized with B310.VP2_VMM61 and B311.VP1_VMM64 within 2 days.,B313.VP1_VMM62:d.patch,VARME,True
ann-snv-varme-b310-pool-gap,building,B310,data_quality,1900-01-01,9999-01-01,"B310 VÄRME formula has 4 +parent meters and 22 sub-meters. Children sum exceeds parent side by ~2.5 MWh/year (~200 kWh/month), producing steady negative residual. Two identified causes: (1) Excel bug — B385.VP2_VMM62 subtracted from B310 but never added to B385's own formula (losing ~106 kWh/year from accounting); (2) remaining ~2.4 MWh/year gap is likely calibration drift or unmetered bypass (comparable to the heat-exchanger-loss term that the FV1 vs VP2 conservation panel surfaces). Ontology mirrors Excel. Site verification needed to confirm parent coverage.",,VARME,False
ann-snv-varme-b327-excel-double-count,meter,B327.VS1_VMM61,data_quality,1900-01-01,9999-01-01,Resolved 2026-04-22: reference formula doc specifies the correct sign as −B326.VS1_VMM61 in B327's formula. Previously- parsed Excel had +B326 (double-counting B326.VS1_VMM61 in both B326's +term and B327's +term). meter_allocations updated to use the doc-authoritative sign. B327 topology now correctly subtracts B326's contribution; B326 accounting unchanged.,B326.VS1_VMM61:d|B327.VS1_VMM61:d,VARME,True
ann-snv-varme-b217-offline,meter,B217.VP1_VMM61,outage,2025-08-05,2025-10-04,"Counter went offline 2025-08-05 at value 662831.21. Resumed with a device swap on 2025-10-04 (value 2958426.22, then again on 2025-10-09 at 23724.03). Combined multi-event pattern handled by 3-segment split :d.A | :d.B | :d.C via rolling_sum. The gap between Aug 5 and Oct 4 is flat-carried by rolling_sum; consumption during those 60 days is lost from the canonical counter — candidate for a children-sum or interpolate patch if we want to recover the integral (see followups).",B217.VP1_VMM61:d.A|B217.VP1_VMM61:d.B|B217.VP1_VMM61:d.C|B217.VP1_VMM61:d,VARME,
ann-snv-varme-b217-swap-oct,meter,B217.VP1_VMM61,swap,2025-10-04,2025-10-09,Two back-to-back swaps 2025-10-04 and 2025-10-09 (values 2958426.22 and 23724.03). Segment :d.B covers the 5-day window between; :d.C carries forward from 2025-10-09.,B217.VP1_VMM61:d.B|B217.VP1_VMM61:d.C,VARME,
ann-snv-varme-ref-doc-formula-verified,campus,SNV,unknown,1900-01-01,9999-01-01,"All SNV VÄRME building formulas cross-checked verbatim against reference/reference_formula_doc/the_only_one_formula_doc.xlsx (VÄRME sheet). 30/31 buildings match current meter_allocations including the massive B310 pool (4+/22−), B311 4+/3−, the B313→B314→B315 chain, B308 two-subtraction, and all leaf buildings. One sign error fixed on B327 (see ann-snv-varme-b327-excel-double-count). Closed buildings B202/B204/B205/B209 grouped under B203; five direct-electric buildings have no VÄRME formula; B336 demolished.",,VARME,True
ann-snv-varme-closed-houses-grouped,building,B203,unknown,2026-03-17,9999-01-01,"Reference formula doc states that closed buildings B202, B203, B204, B205, B209 are counted as one for VÄRME (""STÄNGDA HUS RÄKNAS SOM ETT. FORMEL UPPDATERAD 2026-03-17""). Single formula +B203.VP1_VMM61_E covers all five. Ontology currently allocates only to B203; per-building attribution for B202/B204/B205/B209 will read zero. This matches the documented intent.",,VARME,True
ann-snv-varme-b217-formula-updated-mar2026,building,B217,unknown,2026-03-17,9999-01-01,"B217 VÄRME formula updated 2026-03-17 per reference formula doc (""FORMEL UPPDATERAD 2026-03-17""). Current formula +B217.VP1_VMM61_E matches. Same update date as B217 KV and the B202/203/204/205/209 closed-house grouping — likely a single EBO/PME rewrite session on that date.",,VARME,True
ann-snv-varme-direct-electric-no-formula,campus,SNV,unknown,1900-01-01,9999-01-01,"Five SNV buildings are marked ""ingen VS / direktverkande el"" in the reference formula doc — B342, B344, B353, B392, B420 — i.e. heated directly via electric resistance, not via the värme (water-borne heating) distribution. No VÄRME formula; VÄRME topology correctly omits them. Their heating consumption shows up on the EL side instead.",,VARME,True
ann-snv-varme-b330-b331-combined,building,B330,unknown,1900-01-01,9999-01-01,"B330 VÄRME accounting covers both B330 and B331 as one combined unit per reference formula doc (""B330/331 är det som gäller i PME""). B331 has no standalone VÄRME formula; its consumption is embedded in B330.VS1_VMM61_E. Mirrors the same grouping in ÅNGA and KALLVATTEN.",,VARME,True
ann-snv-varme-b336-demolished,building,B336,unknown,1900-01-01,9999-01-01,"B336 listed as ""Utgår byggnads rivs"" (demolished) in the reference formula doc — no VÄRME formula. Ontology correctly has no B336 allocation. Same status as B336 in KALLVATTEN.",,VARME,True
ann-snv-varme-b312-vp2-summer-flat,meter,B312.VP2_VMM61,data_quality,2025-04-27,2025-09-23,B312.VP2_VMM61 flat for 149 days ending 2025-09-23 — expected summer dormancy on a low-magnitude heating meter (median 0.16 MWh/day). Not a data gap; heating circuit simply off in summer.,,VARME,True
ann-snv-varme-b385-vp2-summer-flat,meter,B385.VP2_VMM61,data_quality,2025-04-14,2025-06-14,B385.VP2_VMM61 shows 61-day spring/summer flat run (2025-04 → 2025-06) with tiny deltas (max 0.1 MWh/day). Expected low-load behaviour for this meter; accepted.,,VARME,True
ann-snv-varme-fv1-intake-virtual,meter,SNV.VARME_INTAKE,unknown,1900-01-01,9999-01-01,"Campus aggregator for SNV fjärrvärme. Aggregates 11 FV1 intake meters (one per heat-exchanger building: B203, B216, B308, B310×4, B318, B330, B334, B339). Per Total SNV tab and Kontroll FV-mätare check meters, sums to AZ-side fjärrvärme total within 0.01 % of TN-side billing (4 705 / 4 953 MWh Jan/Feb 2026 vs TN 4 713 / 4 960). The FV1 meters measure primary-side district-heating delivery; the existing VP1/VS1/VP2 building meters measure secondary-side distribution after the heat exchanger. Conservation panel residual surfaces the heat-exchanger loss term.",,VARME,
ann-snv-varme-b339-fv1-swap,meter,B339.FV1_VMM61_E,swap,2025-05-07,2025-05-07,"Device swap 2025-05-07 (last value 1776.20 MWh, new counter starts at 84.57). Preceded by a 48-day flat 2025-03-19 → 2025-05-06 (counter frozen). Handled by 2-segment split :d.A | :d.B via rolling_sum. The 48-day flat costs ~60 MWh of real flow at neighbor rate (median 1.26 MWh/d); outside Jan/Feb 2026 facit window.",B339.FV1_VMM61_E:d.A|B339.FV1_VMM61_E:d.B|B339.FV1_VMM61_E:d,VARME,True
ann-snv-varme-b310-fv1-oct-gap,meter,B310.FV1_VMM61,outage,2025-10-01,2025-10-17,"BMS gateway gap on the B310 fjärrvärme substation: B310.FV1_VMM61/62/63/64 all silent 2025-10-01 → 2025-10-16 (16 days), with the catch-up landing as a single-day spike on 2025-10-17 (+81.7 / +69.3 / +38.8 / +24.0 MWh). Counter monotonic — no register reset. Patched via 3-segment slice/interpolate/slice + rolling_sum on each of the 4 meters (mirrors the 2026-01-14 cluster pattern). Other intake meters (B216, B308, B318, B330, B334, B339) unaffected — gap is B310-substation specific. Outside Jan/Feb 2026 facit window.",B310.FV1_VMM61:d.A|B310.FV1_VMM61:d.patch|B310.FV1_VMM61:d.B|B310.FV1_VMM62:d.patch|B310.FV1_VMM63:d.patch|B310.FV1_VMM64:d.patch,VARME,True
ann-snv-el-b324-intake-virtual,meter,B324.EL_INTAKE,unknown,1900-01-01,9999-01-01,"Campus aggregator for SNV electricity at the B324 substation. Two AZ-side sub-meters feed in via feeds k=1.0: B324.H4_1 (TN Snäckviken non-Elpanna, building distribution side, ~4509 MWh/mo) and B324.H3 (TN AZ Elpanna 0678, electric boiler producing ÅNGA, ~3413 MWh/mo). INTAKE.flow = 7922 MWh Jan / 7507 MWh Feb 2026, matches Excel TN total within 0.01 %. B324.H3 is targeted at building B324 (not campus) so it drops out of the panel campus-master set; B324.H4_1 alone is the panel master (4509 MWh) vs Σ buildings (4206 MWh) → ~7 % residual = real H4_1→buildings losses, comparable to GTN B660.EL_INTAKE 8.7 %. B324 building total reads 0 MWh in both Excel and ontology because B324.H3 has feeds-out k=1.0 which drains its net to 0 by design (the boiler is a transparent conduit that aggregates into INTAKE rather than a leaf consumer at the building level).",,EL,
ann-snv-el-b324-h4-1-rollovers,meter,B324.H4_1,rollover,2025-03-04,2026-02-16,"B324.H4_1 (Schneider PME counter at TN intake) rolls over at the ~10 000 000 kWh ceiling 7 times in the observation window: 2025-03-04, 2025-05-06, 2025-07-01, 2025-08-22, 2025-10-12, 2025-12-09, 2026-02-16. Handled by 8-segment :d.A...:d.H split stitched via rolling_sum (canonical _classify_boundary detects each as rollover). Same pattern as the resolved snv_el_B308_T58 / B311_T79 / B325_T12 / B330_T65 / B337_T43 / B342_T67 rollover annotations.",B324.H4_1:d.A|B324.H4_1:d.B|B324.H4_1:d.C|B324.H4_1:d.D|B324.H4_1:d.E|B324.H4_1:d.F|B324.H4_1:d.G|B324.H4_1:d.H|B324.H4_1:d,EL,True
ann-snv-kv-tn-billing-reconciliation,campus,SNV,unknown,1900-01-01,9999-01-01,"TN-billed SNV KV intake = 23 310 / 19 893 m³ Jan/Feb 2026 across 6 AZ-side meters per Total SNV tab: B311.KV1_VMM26_V (TN 11065/73353516) and B334.KV1_VMM21 (TN 23772633) — already in ontology as building meters; B217.KV1_VM001 (TN 68844912 brunn 1), B217.KV1_VM002 (TN 68844913 brunn 2), B390.KV1_VM25_V (TN 53989390), B409.KV1_VM21 (TN 23772635, currently offline) — 4 wells/inlets NOT in the ontology because the existing 30 root building-inlet meters already sum to ~TN total within 3 % (22 673 m³ Jan / 18 951 m³ Feb). The wells appear to be implicit upstream of existing root meters (would double-count if added). The 6 TN meters are billing reconciliation, not topology — SNV KV is distributed wells, not a substation pattern.",,KALLVATTEN,
